barcode,sgRNA,design
GAACTCAGGACA,CAAGGAGGACGGCAACATCC,FR_GFP_TM
AGCCACCAGTAT,CAAGGAGGACGGCAACATCC,FR_GFP_TM
CTATATATGACC,CAAGGAGGACGGCAACATCC,FR_GFP_TM
AGCCAGTCAATC,CAAGGAGGACGGCAACATCC,FR_GFP_TM
CTAGTGTCCACA,AAGGAGGACGGCAACATCCT,FR_GFP_TM
GAATCCGCTCGC,AAGGAGGACGGCAACATCCT,FR_GFP_TM
TCCAAAGAGACA,AAGGAGGACGGCAACATCCT,FR_GFP_TM
GAATGAACCACG,AAGGAGGACGGCAACATCCT,FR_GFP_TM
GAATGGACAGCG,AGGAGGACGGCAACATCCTG,FR_GFP_TM
CTATAGTCCAGC,AGGAGGACGGCAACATCCTG,FR_GFP_TM
AGCGGTATAACT,AGGAGGACGGCAACATCCTG,FR_GFP_TM
AGCGACCTTACA,AGGAGGACGGCAACATCCTG,FR_GFP_TM
AGCGCCGTCATT,TGTACTCCAGCTTGTGCCCC,FR_GFP_TM
AGCTAGCCTAGG,TGTACTCCAGCTTGTGCCCC,FR_GFP_TM
GAACTAGCCACT,TGTACTCCAGCTTGTGCCCC,FR_GFP_TM
AGCTCTGACACA,TGTACTCCAGCTTGTGCCCC,FR_GFP_TM
AGCTTTCTGACT,CAACATCCTGGGGCACAAGC,FR_GFP_TM
GAACGCGAAAGC,CAACATCCTGGGGCACAAGC,FR_GFP_TM
AGAGCAGAAAGG,CAACATCCTGGGGCACAAGC,FR_GFP_TM
AGATTCATGACG,CAACATCCTGGGGCACAAGC,FR_GFP_TM
TCCAGAGCACCT,GGACGCTAAACCAACGGTGC,nontargeting controls
GACAGGCTACCT,GGACGCTAAACCAACGGTGC,nontargeting controls
AGAGACTTCACA,GGACGCTAAACCAACGGTGC,nontargeting controls
AGATCGACCACC,GGACGCTAAACCAACGGTGC,nontargeting controls
GACATGCGTAGC,GCCGTGCCGTAGCTATCCGG,nontargeting controls
GACAACGAGAAC,GCCGTGCCGTAGCTATCCGG,nontargeting controls
CTCACTGACACT,GCCGTGCCGTAGCTATCCGG,nontargeting controls
AGATGATAACGG,GCCGTGCCGTAGCTATCCGG,nontargeting controls
GACAAGTACACT,GTCCGTTCGACAATTTCACA,nontargeting controls
AGATGGGTTCCG,GTCCGTTCGACAATTTCACA,nontargeting controls
CTCAATTTACAG,GTCCGTTCGACAATTTCACA,nontargeting controls
AGCAACTTCACT,GTCCGTTCGACAATTTCACA,nontargeting controls
CTAGATGTTAGC,GTACAGCTAAGTTAAACTCG,nontargeting controls
GAATTAGTGACC,GTACAGCTAAGTTAAACTCG,nontargeting controls
TCCATCAATACG,GTACAGCTAAGTTAAACTCG,nontargeting controls
AGCACGGAGACA,GTACAGCTAAGTTAAACTCG,nontargeting controls
AGCAGCCCTAGC,GCTGCTTGCGATACCAATAG,nontargeting controls
AGCAGTGTACCT,GCTGCTTGCGATACCAATAG,nontargeting controls
AGAGCTGCTACG,GCTGCTTGCGATACCAATAG,nontargeting controls
GAAGTGGGCAAC,GCTGCTTGCGATACCAATAG,nontargeting controls
